馬番,枠番,馬名,性齢,騎手,厩舎,脚質,単勝オッズ,人気,前走着順,前走レース名,上がり3F,馬体重,前走開催場,前走間隔日数,間隔表記,転入初戦,長期休養明け,直近3走JRA数,血統父,血統母父,調教評価
1,1,ロングトールサリー,牝3,川田,栗東・福永,,2.5,1,,,,496(+6),阪神,14,中1週,Y,,3,キタサンブラック,Global Hunter,
2,2,ヴィスコンテッサ,牝3,吉村,栗東・松永幹,追込,15.8,7,12,,34.0,446(0),中山,42,中5週,Y,,3,シルバーステート,オルフェーヴル,
3,3,ララオウ,牝3,浜中,栗東・須貝,差し,10.4,6,1,3歳未勝利,35.3,498(+2),福島,14,中1週,Y,,1,エタリオウ,ファスリエフ,
4,4,リュクスパトロール B,牝3,団野,美浦・加藤士,逃げ,59.4,8,13,,33.7,422(0),中山,42,中5週,Y,,3,ビーチパトロール,ジャングルポケット,
5,5,クリスレジーナ,牝3,鮫島駿,栗東・高野,先行,5.7,3,10,,33.7,458(-10),中山,42,中5週,Y,,2,エピファネイア,ディープインパクト,
6,6,エイズルブルーム,牝3,池添,栗東・坂口,追込,7.5,5,10,,33.2,440(+10),阪神,62,中8週,Y,,3,リオンディーズ,ハーツクライ,
7,7,トリニティ,牝3,岩田望,栗東・安田,逃げ,7.1,4,3,,34.7,450(+8),阪神,35,中4週,Y,,2,サートゥルナーリア,ハーツクライ,
8,8,デルマホダカ,牝3,,美浦・菊沢,差し,172.4,9,14,3歳1勝クラス,40.1,488(-4),中山,49,中6週,Y,,3,ブリックスアンドモルタル,ホワイトマズル,
9,8,レイクラシック,牝3,松山,栗東・新谷,差し,4.2,2,1,3歳未勝利,35.0,490(+6),中京,42,中5週,Y,,3,キタサンブラック,ホワイトマズル,
